Timestamp,Your Gender,Comments you have heard/seen/used in social media:
9/3/2020 14:43:21,Female,Marakha'
9/3/2020 14:45:09,Male,"ржкрж┐ржк ржкрж┐ржк ржкрж┐ржк ржкрж┐ржк ржжрзЗржЦрж┐ ржорж╛ржорзНржорж╛ ржПржХржЯрзБ рж╕рж╛ржЗржЯ ржжрж╛ржУ,ржЖржорж╛рж░ ржмржирзНржзрзБржХрзЗ ржПржХржЯрзБ рж▓рж╛ржЗржХ ржУ ржХржорзЗржирзНржЯ ржХрж░рзЗ ржпрж╛ржЗред тФгтФл╨╝╨╝'╧З тФгтФл╨╝╨╝'╧З .. . тД│aтД│a...... . тАв.┬╕├С├╜├з P├╕$t... ржирж╛ржоржЯрж╛ ржЪрж┐ржирзЗ рж░рж╛ржЦрзЛ || рж▓рж╛ржЗржХ + ржХржорзЗржирзНржЯ ржжрзБржЯрзЛржЗ ржХрж░рж▓рж╛ржо || ржЖрж╢рж╛ ржХрж░рж┐ рждрзБржорж┐ржУ рж▓рж╛ржЗржХ ржХржорзЗржирзНржЯ ржмрзНржпрж╛ржХ ржжрж┐ржмрж╛ || тЩмтЩмтЩм NIcE,,,, Awesome,,,, Excellent,,,, SWEET,,,, Beautiful,, STYLISH тЩмтЩмтЩм рж╕ржоржпрж╝ ржкрзЗрж▓рзЗ ржЖржорж╛рж░ profile ржерзЗржХрзЗ ржШрзБрж░рзЗ ржЖрж╕рж╛рж░ ржжрж╛ржУржпрж╝рж╛ржд рж░ржЗрж▓!!!! тЬФтЬФтЬФржПржХрзНржЯрж┐ржн рж▓рж╛ржЗржХрж╛рж░ ржорж╛ржорзБрж░рж╛ ржПржб ржжрж╛ржУ....ржмрж╛ржХрж┐рж░рж╛ рззрзжрзжрзжрзжрзж рж╣рж╛ржд ржжрзВрж░рзЗ ржерж╛ржХрзЛ.."
9/3/2020 14:45:55,Male,ржУрж░рзЗ рж╢рж╛ржЙрзЯрзЛ
9/3/2020 14:46:55,,ржЪржб ржмрж╛ржЗ ржорж╛рждрж╛ ржЯрж╛ржирзНржбрж╛ ржХрж░редрждрж╛ржирж╛ржЗ ржХрзЗржЪ ржХрж░
9/3/2020 14:55:04,Male,Binod
9/3/2020 14:55:20,Male,Tor baap ataf 
9/3/2020 14:55:43,Male,"ржкрж┐ржк ржкрж┐ржк ржорж╛ржорзНржорж╛, рж╕рж╛ржЗржб ржжрж╛ржУ, ржПржХржЯрзБ рж▓рж╛ржЗржХ ржжрж┐рзЯрзЗ ржЖрж╕рж┐"
9/3/2020 14:55:56,Male,kera mama ke kovor
9/3/2020 14:56:39,Male,Kere mama ke kovor
9/3/2020 14:57:26,Male,"Chotobela theke shune ashchi, oh tumi English medium er porso,accha shunsi tomra naki onek fast,onek spoiled!  Oh accha, tomra to public e chance paona! Oh accha tomade general knowledge khuuuub kharap! Stop here pls! Jei Biology apnara class 9 e poren sheta amra 6-7 e pore feli,then advance k? Anyway kono torke jorabo na. I have seen extreme HOE kind of girls from Bangla medium. Jarai bolteso j ""subtle elish"" e shudhu English medium rich brats ra ache"" ami eshob group er BHODRO version deksi jegula holo so called ""COMBINED"" groups. Jara khuuuub bhalo,but obviously they're dating groups and full of Bangla medium people ЁЯР╕  Amra sharajibon nijeder bepare criticism shune ashchi ar apnara ekta status niye whole English medium community k kotha shunacchen,lol  Ek meye Bangla medium niye kharap bolse shuru hoye gesen pura English medium students der pochano. Tahole ami boli Bangla medium er meyera first e bolbe amito kono cheler sathe mishiona, versityr dui semester jawar por tar ashol roop dekha jay. Shunen kada churle kadar chitefota nijer gaye esheo lage.  So if u want to get respect, you need to give respect to the other! Respect our institutions, we'll respect yours! Ami jekhane jiboner 12 bochor porsi shei institution niye baje kotha ami shojjhho korbona ЁЯЩВ kharap bhalo shob medium ei thake GET THAT STRAIGHT IN YOUR HEADS!"
9/3/2020 14:57:44,Prefer not to say,ржЖржкрзНржкрж┐ ржЖржкржирж┐ ржПрждрзНрждрзЛ  ржХрж┐ржЙржЯ ржХрзЗржиЁЯдЧЁЯдЧ
9/3/2020 14:58:11,Male,ржлрж┐ржЧрж╛рж░ ржжрзЗржЦрж╛ржУ
9/3/2020 14:58:26,Male,ржУрж░ржо ржоржирзЗ рж╣рзЯ
9/3/2020 14:58:35,Female,"kop, nice mama, cute lagsa, "
9/3/2020 15:00:02,Male,xoxo
9/3/2020 15:00:11,Male,binod
9/3/2020 15:00:20,Male,BINOD
9/3/2020 15:02:45,Male,рззрзжрзжрзж ржХржорзЗржирзНржЯ ржХрж░рж▓рзЗржЗ ржмржирзНржзрзБ ржмрж╛ржирзНржзржм ржХрзЗ ржЕржорзБржХ ржкрзЛржЬрзЗ ржжрзЗржЦрж╛рж░ ржПржХржЯрж╛ рж╕рзБржпрзЛржЧ ржкрзЗрж▓рзЗржЗ ржЖржорж░рж╛ ржЭрж╛ржкрж╛рзЯрзЗ ржХржорзЗржирзНржЯ ржХрж░рж┐ред ржХрж┐ржирзНрждрзБ ржПрж╕ржм ржХрзНрж╖рзЗрждрзНрж░рзЗ ржжрзЗржЦрж╛ ржпрж╛рзЯ ржХржорзЗржирзНржЯ ржЧрзБрж▓рж╛ ржПржХржШрзЗрзЯрзЗ A B C D  ржХрж┐ржВржмрж╛ рж╕рзНржЯрж┐ржХрж╛рж░ рж╣рзЯред  What if we could comment from a dataset of cringe/funny comments :3
9/3/2020 15:17:33,,ржкрж╛рзЯрзЗрж░ ржорж╛ржЭ ржерзЗржХрзЗ ржжржи рж╕рж░рзЗ ржЧрзЗрж▓ 
9/3/2020 15:18:08,Male,"Roses are red, violets are blue. watch out over there, bokachoda is looking at u!"
9/3/2020 15:24:09,Male,mal ti talented
9/3/2020 15:25:49,Male,рж╕рж╣ржоржд ржнрж╛ржЗ
9/3/2020 15:26:32,Male,ржПржЗ ржорж╛ржЗрзЯрж╛ рждрзЛрж░ рж╣рж┐ржЧрж╛ржм ржХржЗ?
9/3/2020 15:36:08,Prefer not to say,1. Who the hell are you to insult bts ?  BTS k insult korar jonno na basic quality lage jeta tmr toh at least nai ...  nijer life e kii baal ta kore felso aktu bolo toh bhai ...  onno er telent dekhle kii jole naki tmr? Tmr moto manush re shojho hoy na amr ...  valo hoye jao ... onno re choto kore boro hoite parba na ...  tmr baal marka kothay oder kichu e jay ashe na ... they are beyond your reach..  Allah tmr mathay kii diyeche allah e jane ... BTS k insult kore kii dekhaite chao ...  kotha theke j ashe ashol manush ... ar amar chokh a e kno pore ashol baal marka post ...  I think tumi nije akta public toilet... mejas amn kharap hocche j word o pacchi na tmk bolar ...  ami maybe amar life e kao k amn kharap kono text dei nai ...  akta e request onno k insult kora chere nije kichu koro. ... aii baal marka image ta bhai change koro.
9/3/2020 15:58:25,Male,NC
9/3/2020 16:08:17,Male,koyda lage tor 
9/3/2020 16:12:20,Male,"рждрзБржЗ ржЦрж╛рзЬрж╛, ржЖржорж┐ ржлрзЗржорж┐ржирж┐рж╕рзНржЯ ржирж┐рзЯрзЗ ржЖрж╕рждрзЗржЫрж┐"
9/3/2020 16:13:05,Male,"you live in рж╕рзБржЦ, let fire burn in my ржмрзБржХ"
9/3/2020 16:46:22,Male,Hishab bujho nah? Dudh Khao?
9/3/2020 16:59:28,Male,рж▓рж╛ржЗржирзЗ ржжрж╛рзЬрж╛ржиредржзрж╛ржХрзНржХрж╛ржзрж╛ржХрзНржХрж┐ ржХрж░ржмрзЗржи ржирж╛редредрж╕ржмрж╛ржЗ ржЧрж╛рж▓рж┐ ржжрзЗрзЯрж╛рж░ рж╕рзБржпрзЛржЧ ржкрж╛ржмрзЗржиред
9/3/2020 16:59:34,Male,"tui amar jibone na ashle amr j ki hoto :,("
9/3/2020 15:36:08,Prefer not to say,2.  bujhlam na vaiya sl chaile ki oporadh korlam ami Ei mama apner meme ki etoi high level er je amar share korar jogotta nai Ei madarchod tui nije ki mone koros tor meme toh emneo keu share dicche na khankirpola  
9/3/2020 15:36:08,Prefer not to say,"3. Who the hell are you to insult bts ? BTS k insult korar jonno na basic quality lage jeta tmr toh at least nai ... nijer life e kii baal ta kore felso aktu bolo toh bhai ... onno er telent dekhle kii jole naki tmr? Tmr moto manush re shojho hoy na amr ... valo hoye jao ... onno re choto kore boro hoite parba na ... tmr baal marka kothay oder kichu e jay ashe na ... they are beyond your reach.. Allah tmr mathay kii diyeche allah e jane ... BTS k insult kore kii dekhaite chao ... kotha theke j ashe ashol manush ... ar amar chokh a e kno pore ashol baal marka post ... I think tumi nije akta public toilet... mejas amn kharap hocche j word o pacchi na tmk bolar ... ami maybe amar life e kao k amn kharap kono text dei nai ... akta e request onno k insult kora chere nije kichu koro. ... aii baal marka image ta bhai change koro BTS is the new Beatles. I can say that because I am a huge Beatles fan. (I started listening to Beatles when I couldnтАЩt even talk) So for me, I love Beatles thatтАЩs why I HAVE TO love BTS ... there is no other way around ! I donтАЩt like Beatles bcz I will sound cool to people or everyone is liking it! I love them because of THEM. тЭдя╕П How pop culture started and the huge contribution of Beatles for the pop music is everything for me. People who ACTUALLY know Beatles and their journey can easily understand. Before Beatles, the traditional music lovers were exactly like people this days ! тАЬWhat is this trashy music?тАЭ тАЬThis is not music, this is trashтАЭ тАЬThis is sound pollutionтАЭ тАЬWhy this girls are wearing makeup and flashy clothes?тАЭ тАЬThey are gayтАЭ Teens at those time, used to hide their radio from their parents. After pop music got their recognition, whereever Beatles go, there was a huge human wave to just see them and feel them. Exactly like BTS! Even their Time magazine cover were similar! BTS music and their composition is pure genius! The musics that BTS composing is actually a little bit advance for a third country like us. You know there were people who bought iPad with a huge risk for the first time (The Weird ones) and then there were people who followed later and some didnтАЩt even follow (Normal People). I was considered weird bcz I used to listen Beatles, Queens, Led Zeppelin, Micheal Jackson while my friends were listening to тАЬBole ChuriyaтАЭ in childhood .. I still considered weird because I like BTS now! ЁЯШк This saga must go on. ЁЯШВ Hey Admin ... Oopps ржнрзБрж▓ ржмрж▓ржЫрж┐... disappointed Hey Bitch listen.... blush BTS ржпржжрж┐ Bangladesh Toilet Service рж╣рзЯ (ржпрзЗ service ржПрж░ ржЖржжрзЛржУ ржХрзЛржирзЛ ржЕрж╕рзНрждрж┐рждрзНржпржЗ ржирзЗржЗ) Then рждрзЛрж░ page ржПржХржЯрж╛ ржХрзБрждрзНрждрж╛рж░ ржЧрзБ| ржЖрж░ рждрзБржЗ рж╕рзЗржЗ ржХрзБрждрзНрждрж╛| slight_smile ржЖрж░ ржпрзЗ ржХрзЯржЯрж╛ рждрзЛрж░ ржПржЗ ржкрзЛрж╕рзНржЯрзЗ support ржХрж░рзЗ+ ржЖржорж╛рж░ ржПржЗ ржХржорзЗржирзНржЯрзЗ ржП ржмрж╛ржЬрзЗ рж░рж┐ржкрзНрж▓рж╛ржЗ ржжрж┐ржмрзЗ рж╕рзЗржЗржЧрзБрж▓рж╛ рждрзЛрж░ ржорждрзЛ ржХрзБрждрзНрждрж╛рж░ ржЧрзБ ржЪрж╛ржЯрж╛ slut.... ржмрж╛ржЬрзЗ ржпржжрж┐ рж░рж┐ржкрзНрж▓рж╛ржЗ ржжрж┐рж╕рзЛржирж╛ I DON'T CARE... ржХрж╛рж░ржи рждрзЛржжрзЗрж░ ржорждрзЛ ржХрзБрждрзНрждрж╛рж░ ржЧрзБ ржЪрж╛ржЯрж╛ Slut ржжрзЗрж░ ржмрж╛ржЬрзЗ ржоржирзНрждржмрзНржпрзЗ ржЖржорж╛рж░ ржмрж╛ BTS ржПрж░ ржХрж┐ржЪрзНржЫрзБ ржЖрж╕рзЗ ржпрж╛рзЯржирж╛| blush ржЖрж░ рж╢рзЛржи Bitch(ржХрзБрждрзНрждрж╛ ADMIN) рждрзЛрж░ ржоржд ржХрзБрждрзНрждрж╛ ржорж╕рзНрждрж┐рж╖рзНржХрзЗрж░ ржХрзБрждрзНрждрж╛рж░рж╛ржЗ ржкрж╛рж░рзЗ ржЖрж░рзНржЯрж┐рж╕рзНржЯржжрзЗрж░ ржирж╛ржорзЗ ржмрж╛ржЬрзЗ ржХржерж╛ ржмрж▓рждрзЗ ржЖрж░ ржЕржирзНржп country-рж░ culture ржХрзЗ ржЕрж╕ржорзНржорж╛ржи ржХрж░рждрзЗ| рждрзЛрж░рзЗ ржХрж┐ Bitch ржЖрж░ ржХрзБрждрзНрждрж╛ ржмрж▓ржЫрж┐ ржлрж╛ржУ? ржЖрж░ ржкрж╛рж░рж▓рзЗ ржУржжрзЗрж░ ржорждрзЛ рж╕рж╛рж░рж╛ world-ржП popular рж╣ржЗрзЯрж╛ ржжрзЗржЦрж╛, рждрзЛрж░ ржПржЗ ржЧрзБрж░ рждрзЛрж▓рзЗ ржкрж▓рж╛ржЗрзЯрж╛ ржЧрзБ рж▓ржЗрзЯрж╛ ржнрж╛ржЙ ржнрж╛ржЙ ржХрж░рж┐рж╕ржирж╛ slight_smile ржЖрж░ ржЧрзБ ржЪрж╛ржЯрж╛ slut ржЧрж▓ ржмржЬ ржХрже ржмрж▓рж▓ ржмрж▓ , ржЖржо рждржжрж░ ржоржд ржХрждрждрж░ ржЧ ржЪржЯржжрж░ ржХржи Reply ржжрждржЫржи blush Hmmmmmm I think groups admin have any other work or or any other creativity to make funny so they thought make fun this ......so I just wanna say don't like too much BTS .....But the way they got successful and know they are the world's most famous group and I think they don't also care about this faltu shits never ......so groups admin with your own cretivity do something by which thing we can get good facts ....not this type of faltu shits .....forget them ......because you guys Never be success by this faltu shits ........never mind bro ok.......I think admis mind has gone to hell....... Not only ARMYs but also common people dislikes you now.you can see that in commentsЁЯШКby claiming that you ""win"" doesn't make you actually win.I PITY YOU.If you can then achieve something bigger than BTS.making memes doesn't make you anything.Try to be a better person plz.Actually you have disrespected our own bengali culture.People like you make us bengalis look bad in other nations eyes.I am not talking about asians only but the whole wideworld...Plz try to look at the positive side of others.You can't judge someone by their looks....Bangladeshis aren't good looking either.But others don't hate us for that.It's our deeds that make us look good in others eyes,not LOOKS.Please try to realise the factЁЯШКЁЯШКand don't waste your time in insulting other idols.That doesn't make you look good in anyone's eyesтШ║тШ║ "
9/3/2020 15:36:08,Prefer not to say,4. Messi international rant.............. *Highest goal scorer of his national team *World Cup Golden Ball winner *Olympic medalist *U-20 WC winner *U-20 WC Golden Ball Winner *U-20 WC Golden Shoe Winner *Highest goal scorer of South American WC qualifier *2x Copa America Golden Ball Winner *Copa America Award for best young player 2007 *Took Argentina singlehandedly to Russia WC-2018 *Led Argentina to three consecutive major tournament finals *Scored hat trick in Super Clasico 
9/3/2020 15:36:08,Prefer not to say,"5. ржЕрж╕ржорзНржнржм ржнрж╛рж▓рзЛ ржкрзЛрж╕рзНржЯ ред ржПржХ ржХржерж╛рзЯ ржЕржиржмржжрзНржпред ржмрж╣рзБржжрж┐ржи ржкрж░рзЗ ржПржХржЯрж╛ ржнрж╛рж▓рзЛ ржкрзЛрж╕рзНржЯ ред ржПржХржмрж┐ржВрж╢ рж╢рждрж╛ржмрзНржжрзАрждрзЗ ржПржзрж░ржирзЗрж░ ржкрзЛрж╕рзНржЯ ржЖрж░ ржЖржЧрзЗ ржЖрж╕рзЗ ржирж╛ржЗред ржЕржиржмржжрзНржп,, ржЕрж╕рж╛ржзрж╛рж░ржг рж╢рзБржзрзБ ржпрзЗ ржкрзНрж░рж╛рж╕ржЩрзНржЧрж┐ржХ ржУ рж╕ржорзЯржЙржкржпрзЛржЧрзА ржкрзЛрж╕рзНржЯ рждрж╛ржЗ ржирзЯ ржПржХрзЗржмрж╛рж░рзЗ рж╕ржорж╕рзНржпрж╛рж░ ржорзВрж▓рзЗ ржХрзБржарж╛рж░рж╛ржШрж╛ржд ржХрж░рзЗржЫрзЗржиред рждрзГрждрзАрзЯ ржмрж┐рж╢рзНржмрзЗ ржЙржирзНржирзЯржирж╢рзАрж▓ ржжрзЗрж╢ рж╣рж┐рж╕рж╛ржмрзЗ ржЖржорж░рж╛ ржпржЦржи рж╕рж╛ржорзНрж░рж╛ржЬрзНржпржмрж╛ржжрзАржжрзЗрж░ ржЪрзЛржЦ рж░рж╛ржЩрж╛ржирзЛ ржЖрж░ ржЖржорж▓рж╛рждрж╛ржирзНрждрзНрж░рж┐ржХ ржЬржЯрж┐рж▓рждрж╛рж░ рж╢рж┐ржХрж╛рж░ рж╣рзЯрзЗ ржХрзНрж░ржорж╢ ржПржЧрж┐рзЯрзЗ ржпрж╛ржЪрзНржЫрж┐ ржПржХржЯрж┐ ржЕржирж┐рж╢рзНржЪрж┐ржд ржнржмрж┐рж╖рзНржпрждрзЗрж░ ржжрж┐ржХрзЗ; ржарж┐ржХ рждржЦржиржЗ, ржарж┐ржХ рж╕рзЗржЗ ржорзБрж╣рзВрж░рзНрждрзЗ ржжрж╛ржБрзЬрж┐рзЯрзЗ ржЖржкржирж╛рж░ ржПржЗ ржкрзЛрж╕рзНржЯрзЗрж░ ржорж╛ржЭрзЗ ржЖржорж┐ ржЦрзБржБржЬрзЗ ржкрж╛ржЪрзНржЫрж┐ ржЕржирзНржзржХрж╛рж░ ржарзЗрж▓рзЗ рж╕рж╛ржоржирзЗ ржПржЧрж┐рзЯрзЗ ржпрж╛ржУрзЯрж╛рж░ ржПржХржЯрж┐ рж╕ржорзНржнрж╛ржмржирж╛ ржЖрж░ ржмрж┐ржжрзЗрж╢рзА ржмрзЗржирж┐рзЯрж╛ржжрзЗрж░ ржХрж╛ржЫрзЗ ржмрзБржжрзНржзрж┐ржмрзГрждрзНрждрж┐ржХ ржжрж╛рж╕рждрзНржм ржЧрзНрж░рж╣ржи ржХрж░рж╛рж░ ржмрж┐ржкржХрзНрж╖рзЗ ржПржХржЯрж┐ рж╕рзВржХрзНрж╖рзНржо ржмрж╛рж░рзНрждрж╛ред ржЖржкржирж╛рж░ ржПржЗ ржкрзЛрж╕рзНржЯ ржЯрж┐ рж╣рждрзЗ ржкрж╛рж░рзЗ ржЖржЗ ржПрж╕ ржПрж░ ржмрж┐ржкржХрзНрж╖рзЗ рж░рзБржЦрзЗ ржжрж╛ржБрзЬрж╛ржирзЛрж░ ржЕржирзБржкрзНрж░рзЗрж░ржгрж╛ред рж╣рждрзЗ ржкрж╛рж░рзЗ 2022 ржмрж┐рж╢рзНржмржХрж╛ржк ржЬрзЗрждрж╛рж░ ржЕржирзБржкрзНрж░рзЗрж░ржгрж╛ред ржПржЗ ржкрзЛрж╕рзНржЯ рж╣рждрзЗ ржкрж╛рж░рзЗ рзирзжрзлрзж рж╕рж╛рж▓рзЗрж░ ржирждрзБржи рж▓рж╛рзЯрж▓рж╛ ржоржЬржирзБрж░ ржкрзНрж░рзЗржорзЗрж░ ржХрж╛рж░ржгред ржкрзЛрж╕рзНржЯ ржжрзЗржЦрзЗ ржЪрзЛржЦрзЗ ржкрж╛ржирж┐ ржЪрж▓рзЗ ржЖрж╕рж▓рзЛред ржЯрж┐рж╕рзНржпрзБ ржкрзЗржкрж╛рж░ ржХржЗ ЁЯШв "
9/3/2020 15:36:08,Prefer not to say,6. ржЬрзАржмржи ржерзЗржХрзЗ ржЪрж╛ржУрзЯрж╛ ржкрж╛ржУрзЯрж╛ ржерж╛ржХрждрзЗржЗ ржкрж╛рж░рзЗред рждржмрзЗ ржЪрж╛рж╣рж┐ржжрж╛ ржЧрзБрж▓рзЛ ржпрзМржХрзНрждрж┐ржХ рж╣ржУрзЯрж╛ ржЙржЪрж┐рзОред ржПржоржи ржЕржпрзМржХрзНрждрж┐ржХ ржЪрж╛рж╣рж┐ржжрж╛ ржерж╛ржХрж▓рзЗ ржЬрзАржмржирзЗ рж╕рзБржЦрзА рж╣ржУрзЯрж╛ ржпрж╛рзЯ ржирж╛ред
9/3/2020 17:10:08,,
9/3/2020 17:10:17,,
9/3/2020 17:10:25,,
9/3/2020 17:10:47,,
9/3/2020 17:10:59,,
9/3/2020 17:11:18,,
9/3/2020 17:11:28,,
9/3/2020 17:11:55,,
9/3/2020 17:12:01,,
9/3/2020 17:12:10,,
9/3/2020 17:12:19,,
9/3/2020 17:12:29,,
9/3/2020 17:12:38,,
9/3/2020 17:12:50,,
9/3/2020 17:12:59,,
9/3/2020 17:13:07,,
9/3/2020 17:13:54,,
9/3/2020 17:14:02,,
9/3/2020 17:14:12,,
9/3/2020 17:14:16,,
9/3/2020 17:14:22,,
9/3/2020 17:14:30,,
9/3/2020 17:14:53,,
9/3/2020 17:15:00,,
9/3/2020 17:21:51,Female,"This photo touches my heart, soul, head, shoulders, knees, toes, my eyes, ears, mouth and nose. ;"
9/3/2020 17:21:51,Female,"ржорзЗрзЯрзЗржжрзЗрж░ рзлржЯрж┐ рж╕ржорж╕рзНржпрж╛ : рзз. ржмрзБржЬрзЗ ржХржо , рзи. рж╣рж┐ржВрж╕рж╛ ржХрж░рзЗ, рзй. рж╕ржиржжрзЗрж╣ ржХрж░рзЗ , рзк. ржХрж┐рж▓рж┐ржХ рж▓рж╛ржЧрж╛рзЯ , рзл. рж╕рзНржмрж╛ржорзАрж░ ржХрждрж╛ рж╕рзЛржирзЗржирж╛ ; "
9/3/2020 17:21:51,Female,ржЪрзБрж▓ ржЫрзЛржЯ ржХрж░рж▓рзЗ ржХрзЗржи?ЁЯШЯ ржЖрж░ ржмрзБржХрзЗ ржУрзЬржирж╛ ржХржЗ рждрзЛржорж╛рж░!ЁЯШФ ;
9/3/2020 17:21:51,Female,Beauty with brain
9/3/2020 17:21:51,Female,Kanke mage hijab koe 
9/3/2020 18:52:10,Male,Khanke mage higab koi ЁЯШС
9/3/2020 20:20:47,Male,"apnara line dhore ashen, shobai gali deoyar shujog paben"
9/3/2020 23:34:32,Male,ржПржЗ ржжржи ржжрзЗржЦрж╛рж░ ржЬржирзНржпржЗ рждрзЛ ржорзЛржмрж╛ржЗрж▓рзЗ ржПржоржмрж┐ ржбрзБржХрж╛ржЗ
9/4/2020 0:18:22,Male,"ржмржирзНржзрзБ рж╣ржмрзЗ ржХрж┐,,"
9/4/2020 0:18:42,Male,Hi Tanisa Aktar Ami Tomar Sate Kotha Bolte Cay
9/4/2020 0:19:13,Female,"ржнрж╛рж▓рзЛржмрж╛рж╕рж▓рзЗржЗ, ржХрзНрж╖ржорж╛ ржХрж░рждрзЗ ржирзЗржЗред"
9/4/2020 0:19:33,Male,ржХрзЗржи ржЖржкрзБредрждрзБржорж┐ ржХрж┐ ржЫрзЗржХрж╛ ржЦрж╛ржЗржЫ
9/4/2020 0:19:58,Female,ржкрзНрж░рзЗржо ржирж╛ ржХрж░рж▓рзЗ ржЧрзБрж▓рж┐ ржХрж░рзЗ ржЦрзБрж▓рж┐ ржЙрзЬрж┐рзЯрзЗ ржжрж┐ржмрзЛ
9/4/2020 0:20:12,Male,ржПржЗ ржмрзЛржХрж╛ ржорзЗржпрж╝рзЗ ржПрж╕ржм ржХржерж╛ ржнрж╛рж▓рзЛ ржирж╛
9/4/2020 0:20:33,Male,ржЖржорж┐ рждрзЛ ржорзЛрж░рзЗ ржпрж╛ржмрзЛ
9/4/2020 0:20:49,Female,ржЕржЗ ржЫрзЗрж▓рзЗ! рж╕рж╛рж╣рж╕ ржерж╛ржХрж▓рзЗ I love you ржмрж▓рзЛредржЖрж░ рж░рж┐ржХрзБрзЯрзЗрж╖рзНржЯ ржкрж╛ржарж╛ржУредЁЯШНЁЯШН ржмрж╛рзЬрж┐ ржерзЗржХрзЗ ржзрж░рзЗ ржПржирзЗ ржмрж┐рзЯрзЗ ржХрж░ржмрзЛ
9/4/2020 0:21:10,Male,ржжрзБржГржЦржЯрж╛ рж▓рзБржХрж┐рзЯрзЗ рж░рж╛ржЦрж╛рзЯ ржнрж╛рж▓рзЛ ржХрж┐ рж╣ржмрзЗ ржЕржирзНржпрзЗржХрзЗ ржмрж▓рзЗ рж╕рж╛ржирзНрждрзНржмржирж╛ ржЫрж╛рзЬрж╛ ржХрж┐ржЫрзБржЗ ржкрж╛ржУрзЯрж╛ ржпрж╛ржмрзЗ ржирж╛...
9/4/2020 0:21:28,Male,рж╕рждрзНржпрж┐ ржЕрж╕рж╛ржзрж╛рж░ржг ржПржХржЯрж┐ ржЫржмрж┐ рждрзБржорж┐ ржЕржирзЗржХ рж╕рзБржирзНржжрж░
9/4/2020 0:21:48,Male,"рж╣рзЗ ржЖрж▓рзНрж▓рж╛рж╣рзН ржЖржкржирж┐ рж╕рж╛рж░рж╛ ржжрзБржирж┐рзЯрж╛рж░ ржЕрж╕рж╣рж╛рзЯ ржжрж░рж┐ржжрзНрж░ ржорзБрж╕рж▓ржорж╛ржиржжрзЗрж░ ржЙржкрж░ ржЖржкржирж╛рж░ ржЦрж╛ржБрж╕ рж░рж╣ржоржд ржирж╛ржпрж┐рж▓ ржХрж░рзБржи  ""ржЖржорж┐ржи""____ЁЯд▓ЁЯд▓"
9/4/2020 0:22:06,Female,ржЖржЪрзНржЫрж╛ ржЖржорж╛рж░ рж╕рж╛ржерзЗ ржХрзЗржУ ржкрзНрж░рзЗржо ржХрж░рждрзЗ ржЪрж╛ржЗржирж╛ ржХрзЗржиЁЯШУ ржЖржорж┐ ржХрж┐ ржжрзЗржЦрждрзЗ ржЦрж╛рж░рж╛ржкЁЯШв
9/4/2020 0:22:21,Male,ржЕржмрж╢рзНржпржЗ ржЪрж╛ржЗ ржЖржкржирж┐ ржХрж┐ ржмрж┐ржмрж╛рж╣рж┐рждрж╛ ржпржжрж┐ ржмрж┐ржмрж╛рж╣рж┐рждрж╛ рж╣ржпрж╝рзЗ ржерж╛ржХрзЗржи рждрж╛рж╣рж▓рзЗ ржХрж░рждрзЗ ржЪрж╛ржЗ
9/4/2020 0:22:51,Female,рж░рзБржкрзЗрж░ ржкрж╛ржЧрж▓ рж╕ржмрж╛ржЗЁЯШТ ржнрж╛рж▓ржмрж╛рж╕рж╛рж░ ржирж╛рж╣ЁЯШн ржХрзЗржЙ рж╕рждрзНржпрж┐ржХрж╛рж░рзЗрж░ ржнрж╛рж▓рзЛржмрж╛рж╕ржмрзЗ ржХрж┐ЁЯШнЁЯТФ
9/4/2020 0:23:10,Male,"ржнрзНрж░рзБржжрзБржЯрзЛ рж░ржВржзржирзБ , ржЪрзЛржЦ ржжрзБржЯрзЛ ржирж┐рж╢рж╛рждрзБрж░, ржирж╛ржХржЯрж┐ рждрзБржорж╛рж░ ржЫрзБрж░рж┐ржЫрзБрж░рж┐,ржХрзЗржоржи ржХрж░рзЗ ржжрж┐ржм рждрзЛржорж╛рзЯ ржнрж╛рж▓ржмрж╛рж╕рж╛рж░ ржлрзБрж▓ржЫрзЬрж┐ред ЁЯМ╣ЁЯХМЁЯТЦ"
9/4/2020 0:23:28,Female,ржПржЗ рж╢рж╣рж░рзЗ ржкрзНрж░рзЗржорж┐ржХ ржкрзНрж░рзЗржорж┐ржХрж╛рж░ ржЕржнрж╛ржм ржирзЗржЗ!ЁЯШК - ржЕржнрж╛ржм рж╢рзБржзрзБ ржнрж╛рж▓рзЛржмрзЗрж╕рзЗ ржЖржЧрж▓рзЗ рж░рж╛ржЦрж╛рж░ ржорждрзЛ ржорж╛ржирзБрж╖!ЁЯШУЁЯТФ
9/4/2020 0:23:51,Female,ржмрзЯрж╕ ржмрж╛рзЬрж▓рзЗ ржорзЗрзЯрзЗржжрзЗрж░ ржжрж╛рзЯрж┐рждрзНржм ржмрзЗрзЬрзЗ ржпрж╛рзЯ ЁЯЦд
9/4/2020 0:25:01,Male,ржмржпрж╝рж╕ ржмрж╛ржбрж╝рж▓рзЗ ржорзЗржпрж╝рзЗржжрзЗрж░ рж╢рзБржзрзБржорж╛рждрзНрж░ рждрж╛рж░ рж╕рзНржмрж╛ржорзА ржирж┐ржЬрзЗрж░ рж╕ржирзНрждрж╛ржирзЗрж░ ржкрзНрж░рждрж┐ ржжрж╛ржпрж╝рж┐рждрзНржм ржмрж╛ржбрж╝рж╛ржирзЛ ржЙржЪрж┐ржд ржмрж╛рж╣рж┐рж░рзЗ ржЧрж┐ржпрж╝рзЗ рж╕ржорж╛ржЬрзЗ ржЖржкржирж╛ржХрзЗ ржирж┐ржЬрзЗржХрзЗ ржЙржкрж╕рзНржерж╛ржкржи ржХрж░рж╛рж░ ржжрж░ржХрж╛рж░ ржирзЗржЗ ржЖржкржирж╛рж░ ржпржжрж┐ ржмрж┐ржпрж╝рзЗ рж╣ржпрж╝ ржЖржкржирж╛рж░ рж╕рзНржмрж╛ржорзА ржЖржкржирж╛ржХрзЗ ржжрзБржЯрж┐ ржнрж╛ржд ржЦрж╛ржУржпрж╝рж╛ржирзЛрж░ ржорждрзЛ ржпрзЛржЧрзНржпрждрж╛ рж░рж╛ржЦрзЗ ржЖрж▓рзНрж▓рж╛рж╣ ржкрж╛ржХ рж╕рзЗржЗ рж░рж┐ржЬрж┐ржХрзЗрж░ ржмрзНржпржмрж╕рзНржерж╛ ржХрж░рзЗ ржжрзЗржмрзЗ ржХрж┐ржирзНрждрзБ ржмржбрж╝ рж╣ржпрж╝рзЗржЫрзЗржи ржмрж┐ржж рж╣ржпрж╝ ржпрж╛ ржЗржЪрзНржЫрзЗ ржХрж╛ржЬ ржХрж░ржмрзЗржи рж╕рзЗржЯрж╛ ржЗрж╕рж▓рж╛ржорзЗ ржмрзИржзрждрж╛ ржирзЗржЗ
9/4/2020 0:25:18,Male,ржЖржЧрзЗ ржорж╛ ржХрж╛ржжрждрзЛ ржЫрзЗрж▓рзЗ ржнрж╛ржд ржЦрж╛ржЗржирж╛ ржмрж▓рзЗредржЖрж░ ржПржЦржи ржорж╛ ржХрж╛ржжржЫрзЗ ржЫрзЗрж▓рзЗ ржнрж╛ржд ржжрзЗржЗржирж╛ ржжрзЗржЦрзЗредржХрзЗржХрзЗ ржорж╛ржХрзЗ ржнрж╛рж▓рзЛржмрж╛рж╕рзЛ ржжрзЗржЦрж┐редржЖржЗ рж▓рж╛ржн ржЗржЙ ржорж╛ред
9/4/2020 0:25:36,Female,~ржЦрзБржм ржЬрж╛ржирждрзЗ ржЗржЪрзНржЫрзЗ ржХрж░рзЗ Gf ржЫрж╛рзЬрж╛ ~ржЫрзЗрж▓рзЗ ржЧрзБрж▓рзЛ ржХрзЗржоржи ржЖржЫрзЗЁЯШ│ЁЯШХ
9/4/2020 0:25:58,Male,ржПржоржи ржЬрж╛ржЧрж╛рзЯ ржорж╛рж░рзБржорзБред
9/4/2020 0:26:12,Female,ржлрзНрж░рзА ржорзЗрзЯрзЗржжрзЗрж░ рж╕рж╛рждрзЗ ржПржорзЛрждрзЗ ржХржерж╛ ржмрж▓рждрзЗ ржЪрж╛ржЗрж▓рзЗ ржЪрж╛ржЗрж▓рзЗ ржирж┐ржЪрзЗ ржЗржВрж░рзЗржЬрж┐ рж▓рж┐ржЦрж╛рзЯ ржЯрж╛ржЪ ржХрж░рзЛржи ЁЯдЩЁЯдЩЁЯдЩЁЯдЩ
9/4/2020 0:28:23,Male,"ржПржЗ ржорзЗрзЯрзЗ ржПржХржмрж╛рж░ oi ржмрж▓рзЗ ржжрзЗржЦрзЛ, рждрзЛржорж╛ржХрзЗ рзи ржорж┐ржирж┐ржЯрзЗ ржкржЯрж┐рзЯрзЗ ржлрзЗрж▓ржмрзЛредЁЯШИЁЯШИЁЯШИ"
9/4/2020 0:28:41,Female,ржПржнрж╛ржмрзЗ ржжрзЗржЦрж┐ржпрж╝рзЛ ржирж╛ ржкрзНрж░рзЗржорзЗ ржкрж░рзЗ ржпрж╛ржмрзЗ  ржмрзБржХрзЗ рж╕рж╛рж╣рж╕ ржерж╛ржХрж▓рзЗ рж░рж┐ржХрзЛржпрж╝рзЗрж╕рзНржЯ ржжрж╛ржУ рж░рж╛рждрзЗрж░ ржШрзБржо рж╣рж╛рж░рж╛ржо ржХрж░рзЗ ржжрж┐ржмрзЛ
9/4/2020 0:29:05,Male,ржПржЗ ржЖржЗржбрж┐ ржХрж╛рж░ рж╕рждрзНржпрж┐ ржХржерж╛ рж▓рж┐ржЦржмрзЗред ржЙрждрзНрждрж░ ржЫрж╛ржЗ
9/4/2020 0:29:31,Male,ржПржмрж╛рж░ ржмрзЗрж░ рж╣рж▓рзЛ ржЙржирж╛рж░ ржирждрзБржи ржирж╛ржЯржХЁЯЩИЁЯШЬЁЯШЬ  ржжрзЗржЦрзЛ ржирж╛ржЗ ржХрзЗ ржХрзЗЁЯШЬ ржЬрж▓ржжрж┐ ржжрзЗржЦрзЛ рж▓рж┐ржВржХрзЗ ржЯрж┐ржк ржжрж┐рзЯрзЗЁЯШ╖ЁЯШ╖
9/4/2020 0:29:50,Female,I love you ржпрзЗ ржЫрзЗрж▓рзЗ ржкрзЬрждрзЗржЫрзЗ рж╕рзЗ  ржЖржорж░рж╛   bf ЁЯШНЁЯШН рж░рж┐ржкрзНрж▓рж╛ржЗ  ржирж╛ ржжрж┐рж▓рзЗ  рж░рзЛрж╣рж┐ржЩрзНржЧрж╛ ЁЯШБЁЯШБ
9/4/2020 0:30:09,Female,ржХрж┐ржЫрзБ ржнрж╛рж▓рзЛ ржмржирзНржзрзБ рж▓рж╛ржЧржмрзЗред  рж░рж╛рждрзЗ ржнрж┐ржбрж┐ржУ ржХрж▓рзЗ ржЖржбрзНржбрж╛ ржжрж┐ржмрзЛред  рж░рж┐ржХрзБрзЯрзЗрж╖рзНржЯ ржжрж╛ржУ рж╕ржмрж╛ржЗ
9/4/2020 0:30:27,Male,"рж╣рзНржпрж╛ ржПржЯрж╛ржЗ ржЖржорж╛ржжрзЗрж░ рж╢рзЗрж╖ ржарж┐ржХрж╛ржирж╛, рж╣рзЗ ржЖрж▓рзНрж▓рж╛рж╣, ржжрзБржирж┐рзЯрж╛рзЯ ржнрж╛рж▓рзЛ ржХрж╛ржЬ ржХрж░рж╛рж░ рждрзМржлрж┐ржХ ржжрж╛ржи ржХрж░рзЛ ржПржмржВ ржХржмрж░рзЗрж░ ржЖржпрж╛ржм ржерзЗржХрзЗ ржЖржорж╛ржжрзЗрж░ ржорзБржХрзНрждрж┐ ржжрж╛ржУЁЯШе ржЖржорж┐ржиред"
9/4/2020 0:30:42,Male,- ржХрждржЯрж╛ ржнрж╛рж▓рзЛржмрж╛рж╕рж┐ ржЬрж╛ржирж┐ ржирж╛.!тШ║ - рждржмрзЗ ржкрзНрж░рждрж┐ржЯрж╛ ржорзВрж╣рзБрж░рзНрждрзЗ рждрзЛрж░ ржХржерж╛ ржнрж╛ржмрж┐.!ЁЯШН
9/4/2020 0:30:58,Male,Tomaka i love you
9/4/2020 0:31:13,Female,рж░рзБржкрзЗ ржХрж┐ ржЖрж╕рзЗ ржпрж╛рзЯ? ржоржиржЯрж╛ржЗ рждрзЛ ржЖрж╕рж▓ЁЯТЦЁЯТЦ рж╕рзЗржЯрж╛ ржХрж┐ ржХрзЗржЙ ржмрзЛржЭрзЗ.?
9/4/2020 0:31:33,Female,ржорж╛ржирзБрж╖ ржмржбрж╝ ржмрзЗржЗржорж╛ржи ржмрзЗржЗржорж╛ржи
9/4/2020 0:31:49,Female,ржмрзБржХрзЗрж░ ржмрж╛ржо ржкрж╛рж╢рзЗрж░ ржлрзНрж▓рзНржпрж╛ржЯржЯрж╛ ржЦрж╛рж▓рж┐ ржкрзЬрзЗ ржЖржЫрзЗ  ржмрж┐рж╢рзНржмрж╕рзНржд ржнрж╛рзЬрж╛ржЯрж┐рзЯрж╛ ржЪрж╛ржЗЁЯШЗЁЯШЗ ржмржирзНржзрзБ рж╣рждрзЗ ржЪрж╛ржЗрж▓рзЗ ржлрзНрж░рзЗржирзНржб рж░рж┐ржХрзБрзЯрзЗрж╖рзНржЯ ржжрж╛ржУ
9/4/2020 0:32:03,Female,"ржмрж▓рждрзЗ рж▓ржЬрзНржЬрж╛ ржХрж░ржЫрзЗ рждржмрзБржУ ржмрж▓ржЫрж┐,,рж╕рж┐ржВржЧрж╛рж▓ ржЫрзЗрж▓рзЗ рж░рзЗржХрзБрзЯрзЗрж╕рзНржЯ ржкрж╛ржарж╛ржУ ржПржХржЯрж╛ ржкрзНрж░рзЗржо ржХрж░рждрзЗ ржЪрж╛ржЗЁЯТЮЁЯТЮЁЯТГЁЯСЗ"
9/4/2020 0:32:38,Male,рж╢рж░ржо ржХрж┐рж╕рзЗрж░ ржмрж▓рзЛ ржмрж┐рзЯрзЗ ржХрж░рж┐ 01974500216
9/4/2020 0:32:53,Male,ржкрзНрж░рзЗржо ржХрж░рзЗ ржХрж┐ рж╣рзЯ ржЖржорж┐ ржмрзБржЭрж┐ ржирж╛
9/4/2020 0:33:17,Female,рж╕ржмрж╛ржЗ рж╢рзБржзрзБ ржЬрж┐ржЬрзНржЮрзЗрж╕ ржХрж░рзЗ ржкрзНрж░рзЗржо ржХрж░рзЛЁЯШП ржХрж┐ржирзНрждрзБ ржХрзЗржЙ ржЬрж┐ржЬрзНржЮрзЗрж╕ ржХрж░рзЗ ржирж╛ ржкрзНрж░рзЗржо ржХрж░ржмрж╛ЁЯЩВ
9/4/2020 0:34:08,Female,"рзз)..ржпрзЗ рж╕рзНржмрж╛ржорзА рждрж╛рж░ рж╕рзНрждрзНрж░рзАрж░ рж╕рж╛ржерзЗ рж╢рж╛рж░рзАрж░рж┐ржХ ржорж┐рж▓ржирзЗрж░ ржЖржЧрзЗ рзирж░рж╛ржХрж╛ржд ржирж╛ржорж╛ржЬ ржкрзЬрзЗ ржПржмржВ рж░рж╛рж╕рзБрж▓ рж╕ржГ ржПрж░ рж╕рзБржирзНржиржд ржорждрзЛ рж╕рзНрждрзНрж░рзАрж░ рж╕рж╛ржерзЗ рж╢рж╛рж░рзАрж░рж┐ржХ ржорж┐рж▓ржи ржХрж░рзЗред ЁЯСЗ рждрж╛ржжрзЗрж░ржХрзЗ ржкрзНрж░рждрж┐ржмрж╛рж░ ржорж┐рж▓ржирзЗрж░ ржЬржирзНржп ржПржХржЯрж┐ ржХрж░рзЗ ржЙржЯ ржХрзБрж░ржмрж╛ржирж┐ ржХрж░рж╛рж░ рж╕ржУрзЯрж╛ржм,,рждрж╛ржжрзЗрж░ ржЙржнрзЯрзЗрж░ ржЖржорж▓ ржирж╛ржорж╛рзЯ рж▓рж┐ржЦрж╛ рж╣рзЯред --ржмрж╛рзЯрж╣рж╛ржХрзА ( рж╕рзНржмрж╛ржорзА рж╕рзНрждрзНрж░рзА ржУ ржкрж╛рж░рж┐ржмрж╛рж░рж┐ржХ ржЕржзрзНржпрж╛рзЯ)..тШЖ рзи)..ржпрзЗ ржШрж░рзЗ рж╕рзНржмрж╛ржорзА рж╕рзНрждрзНрж░рзА ржПржХрж┐ ржХржорзНржмрж▓рзЗрж░ ржирж┐ржЪрзЗ ржШрзБржорж╛ржмрзЗржи, ржР ржШрж░рзЗ ржЖрж▓рзНрж▓рж╛рж╣ рж░рж╣ржоржд ржирж╛ржЬрж┐рж▓ рж╣рждрзЗ ржерж╛ржХрзЗред  --ржмрзБржЦрж╛рж░рзАредЁЯСИ рзй)..ржпрзЗ ржШрж░рзЗ рж╕рзНржмрж╛ржорзА ржУ рж╕рзНрждрзНрж░рзА ржПржХ рж╕рж╛ржерзЗ рждрж╛рж╣рж╛ржЬрзНржЬрзБржж ржПрж░ ржирж╛ржорж╛ржп ржкржбрж╝ржмрзЗ, рж╕рзЗ ржШрж░рзЗ ржЬрзАржмржирзЗ ржХрзЛржирзЛ ржжрж┐ржи ржЕрж╢рж╛ржирзНрждрж┐ рж╣ржмрзЗржирж╛""-- ржмрзБржЦрж╛рж░рзА ржУ ржорзБрж╕рж▓рж┐ржоредтШЖЁЯСИ рзк..)ржпрзЗ рж╕рзНржмрж╛ржорзА рждрж╛рж░ рж╕рзНрждрзНрж░рзАржХрзЗ ржПржХ рж▓рзЛржХржорж╛ ржнрж╛ржд ржЦрж╛ржЗржпрж╝рзЗ ржжрж┐ржмрзЗ, ржЖрж▓рзНрж▓рж╛рж╣ ржР рж╕рзНржмрж╛ржорзАрж░ ржЫржЧрзАрж░рж╛ ржЧрзБржирж╛рж╣ржЧрзБрж▓рзЛ ржорж╛ржл ржХрж░рзЗ ржжрж┐ржмрзЗржиред ржПржмржВ ржпрзЗ рж╕рзНрждрзНрж░рзА рждрж╛рж░ рж╕рзНржмрж╛ржорзАржХрзЗ ржПржХ рж▓рзЛржХржорж╛ ржнрж╛ржд ржЦрж╛ржЗрзЯрзЗ ржжрж┐ржмрзЗ, ржЖрж▓рзНрж▓рж╛рж╣ ржР рж╕рзНрждрзНрж░рзАрж░ ржЫржЧрзАрж░рж╛ ржЧрзБржирж╛рж╣ржЧрзБрж▓рзЛ ржорж╛ржл ржХрж░рзЗ ржжрж┐ржмрзЗржиред ржПржмржВ ржкрзНрж░рждрж┐ рж▓рзЛржХржорж╛рж░ ржмрж┐ржирж┐ржорзЯрзЗ рззрзжрзжрзж ржирзЗржХрж┐ ржЙржнрзЯрзЗрж░ ржЖржорж▓ржирж╛ржорж╛рзЯ ржжрж╛ржи ржХрж░ржмрзЗржиред -- ржорзБрж╕рж▓рж┐ржо рж╢рж░рзАржл.тШЖЁЯСИ рзл)..ржпрзЗ ржШрж░рзЗ рж╕рзНржмрж╛ржорзА ржУ рж╕рзНрждрзНрж░рзА ржПржХржЗ ржкрзНрж▓рзЗржЯрзЗ ржЦрж╛ржмрж╛рж░ ржЦрж╛ржмрзЗ ржпрждржХрзНрж╖ржг ржЦрж╛ржмрж╛рж░ ржЦрзЗрждрзЗ ржерж╛ржХржмрзЗ рждрждржХрзНрж╖ржг рждрж╛ржжрзЗрж░ ржЖржорж▓ржирж╛ржорж╛рзЯ рж╕ржУрзЯрж╛ржм рж▓рж┐ржЦрж╛ рж╣рзЯред -- рждрж┐рж░ржорж┐ржЬрж┐редтШЖЁЯСИ рзм)..рж╕рзНржмрж╛ржорзА ржУ рж╕рзНрждрзНрж░рзА ржпржЦржи ржПржХржЗ ржмрж┐ржЫрж╛ржирж╛рзЯ рж╢рзЯржи ржХрж░рзЗ ржЕржержмрж╛ ржпрзЗржЗ ржЕржмрж╕рзНржерж╛рзЯ ржерж╛ржХрзЗ, рждрж╛ржжрзЗрж░ ржкрзНрж░рждрж┐ржЯрж╛ ржорзБрж╣рзБрж░рзНрждрзЗ рждрж╛ржжрзЗрж░ ржЖржорж▓ ржирж╛ржорж╛рзЯ рззрзж ржЯрж╛ ржХрж░рзЗ ржирзЗржХрж┐ рж▓рж┐ржЦрж╛ рж╣рзЯред __ржЖржмрзБ ржжрж╛ржЙржж ( рж╕рзНржмрж╛ржорзА рж╕рзНрждрзНрж░рзА ржЕржзрзНржпрж╛рзЯ)тШЖЁЯСИ рзн)..ржпрзЗ рж╕рзНрждрзНрж░рзА рждрж╛рж░ рж╕рзНржмрж╛ржорзАржХрзЗ рж╕ржХрж╛рж▓рзЗ ржШрзБржо ржерзЗржХрзЗ ржЬрж╛ржЧрж┐ржпрж╝рзЗ ржкржмрж┐рждрзНрж░ ржХрж░рзЗ ржлржЬрж░рзЗрж░ рж╕рж╛рж▓рж╛рждрзЗ ржорж╕ржЬрж┐ржжрзЗ ржкрж╛ржарж┐ржпрж╝рзЗ ржжрзЗржпрж╝, ржР рж╕рзНрждрзНрж░рзАрж░ ржкрзНрж░рждрж┐ рж╕рзНржмрж╛ржорзАрж░ ржЕржирзНрждрж░рзЗ ржЖрж▓рзНрж▓рж╛рж╣рж░ рждрж░ржл ржерзЗржХрзЗ ржнрж╛рж▓рзЛржмрж╛рж╕рж╛рж░ ржирзБрж░ ржкржпрж╝ржжрж╛ рж╣ржпрж╝""ред --ржмрзБржЦрж╛рж░рзА рж╢рж░рж┐ржлредтШЖЁЯСИ рзо)..ржпрзЗ рж╕рзНржмрж╛ржорзА рждрж╛рж░ рж╕рзНрждрзНрж░рзАржХрзЗ ржПржХржмрж╛рж░ ржЪрзБржорзБ ржжрж┐ржмрзЗ ржПржмржВ ржпрзЗ рж╕рзНрждрзНрж░рзА рждрж╛рж░ рж╕рзНржмрж╛ржорзАржХрзЗ ржПржХржмрж╛рж░ ржЪрзБржорзБ ржжрж┐ржмрзЗ, ржкрзНрж░рждрж┐ржЯрж╛ ржЪрзБржорзБрж░ ржмрж┐ржирж┐ржорзЯрзЗ рззрзжрзж ржЯрж╛ ржирзЗржХрж┐ рждрж╛ржжрзЗрж░ ржЖржорж▓ржирж╛ржорж╛рзЯ рж▓рж┐ржЦрж╛ рж╣рзЯред ---ржорзБрж╕ржирж╛ржжрзЗ ржЖрж╣ржоржж (рж╕рзНржмрж╛ржорзА рж╕рзНрждрзНрж░рзА ржЕржзрзНржпрж╛рзЯ)тШЖЁЯСИ рзп)..ржпрзЗ рж╕рзНржмрж╛ржорзА рждрж╛рж░ рж╕рзНрждрзНрж░рзАржХрзЗ ржХрзЛрж░ржЕрж╛ржирзЗрж░ ржПрж▓рзЗржо рж╢рж┐ржЦрж╛ржмрзЗ, ржПржмржВ ржирж┐ржЬрзЗржУ рж╢рж┐ржЦржмрзЗ ржПржмржВ рж╕рзЗ ржЕржирзБржпрж╛рзЯрзА ржЖржорж▓ ржХрж░ржмрзЗ ржЖрж▓рзНрж▓рж╛рж╣ржкрж╛ржХ ржорзГрждрзНржпрзБрж░ ржкрж░ рждрж╛ржжрзЗрж░ржХрзЗ ржЬрж╛ржирзНржирж╛ржд ржжрж╛ржи ржХрж░ржмрзЗржиредЁЯСИ рззрзж)..ржпрзЗ рж╕ржирзНрждрж╛ржи рждрж╛рж░ ржкрж┐рждрж╛ржорж╛рждрж╛рж░ ржнрж░ржг ржкрзЛрж╖ржи ржХрж░ржмрзЗ ржмрж╛ рж╕рзЗржмрж╛ ржХрж░ржмрзЗ, ржПржмржВ ржирж┐ржЬ рж╕рзНрждрзНрж░рзАрж░ ржЗржЬрзНржЬрждрзЗрж░ рж╣рзЗржлрж╛ржЬржд ржХрж░ржмрзЗ рждрж╛ржжрзЗрж░ ржЬрзАржмржирзЗрж░ рж╕ржорж╕рзНржд ржЧрзБржирж╛рж╣ ржорж╛ржл ржХрж░рзЗ ржжрзЗржУрзЯрж╛ рж╣ржмрзЗред -- ржорзБрж╕рж▓рж┐ржо рж╢рж░рзАржлЁЯСИ ЁЯФ┤ржкрзЛрж╕рзНржЯ ржЯрж┐ ржпрж╛рждрзЗ ржкрзНрж░рждрзНржпрзЗржХ ржорзБрж╕рж▓ржорж╛ржи ржкрзЬрждрзЗ ржкрж╛рж░рзЗ рж╕рзЗржЗ  ржЬржирзНржп рж╕ржмрж╛ржЗ рж╢рзЗрзЯрж╛рж░ ржХрж░ржмрзЗржи ЁЯФ┤ тЮЦтЮЦтЮЦтЮЦтЮЦтЮЦтЮЦтЮЦтЮЦтЮЦтЮЦтЮЦтЮЦтЮЦ"
9/4/2020 0:34:23,Female,- рж╕рж┐ржВржЧрзЗрж▓ ржЫрзЗрж▓рзЗржжрзЗрж░ ржмрж▓ржЫрж┐... - рждрзЛржорж╛ржЧрзЛ ржХрж┐ ржкрзНрж░рзЗржо ржХрж░рждрзЗ ржЗржЪрзНржЫрзЗ ржХрж░рзЗ ржирж╛? 
9/4/2020 0:40:49,Male,"ржмрж╛рж╣!ржЕрж╕рж╛ржзрж╛рж░ржг ржмрж▓рзЗржЫрзЗржи,,, ржЖржкржирж╛рж░ ржЬржирзНржп ржерж╛ржХржЫрзЗ ржХрзЗржпрж╝рж╛ ржХрж╕ржорзЗржЯрж┐ржХрзЗрж░ рж╕рзМржЬржирзНржпрзЗ ржПржХржЯрж┐ ржорж╣рж╛ ржорзВрж▓рзНржпржмрж╛ржи ржЗржпрж╝рж╛ржмрж╛ ржорзЗрж╢рж┐ржи, ржкрж░рж┐ржмрзЗрж╢ ржмрж╛ржирзНржзржм ржЧрж╛ржЮрзНржЬрж╛рж░ ржЧрж╛ржЫ, ржЖржкржирж╛ржХрзЗ ржЬрж╛ржорж╛рж▓ржкрзБрж░рзЗрж░ ржбрж┐рж╕рж┐, ржлрзЗржирзАрж░ рж╕рж┐рж░рж╛ржЬржЙржжрзНржжрзМрж▓рж╛, ржУрж╕рж┐ ржорзЛржпрж╝рж╛ржЬрзНржЬрзЗржо, ржХржХрзНрж╕ржмрж╛ржЬрж╛рж░рзЗрж░ ржмрж╛ржмрж╛ ржмржжрж┐, ржмрж░ржЧрзБржирж╛рж░ ржорж┐ржирзНржирж┐, ржЯрзЗржирзНржбрж╛рж░ ржХрж┐ржВ ржЬрж┐ ржХрзЗ рж╢рж╛ржорзАржо, ржХрзНржпрж╛рж╕рж┐ржирзЛ ржЦрж╛рж▓рзЗржж ржУ рж╕ржорзНрж░рж╛ржЯ, рж╕рж╛ржирж╛ржЗ ржорж╛рж╣ржмрзБржм,рж░рж╛ржирзБ ржоржирзНржбрж▓, ржирж╛рж░рзА ржмрзНржпрж╛ржмрж╕рж╛ржпрж╝рзА ржкрж╛ржкрзАржпрж╝рж╛, ржЧрж╛рж▓рзБржХржмрж╛ржЬ рж╕рзЗржлрзБржжрж╛, рж╕рж╛рж╣рзЗржж ржЪрзЛрж░рж╛, ржПржмржВ рж╕рж╛ржмрж░рзАржирж╛ ржЦрж╛рж▓рж╛рж░ ржкржХрзНрж╖ ржерзЗржХрзЗ, ржЖржирзНрждрж░рж┐ржХ ржЕржнрж┐ржиржирзНржжржи"
9/4/2020 0:50:58,Male,"ржХрж┐ ржмрзНржпрж╛ржкрж╛рж░ ржлрзНрж░рзЗржирзНржб..? ржЦрзЛржЬ ржирзЗржЗ, ржЦржмрж░ ржирзЗржЗ, ржХржерж╛ ржирзЗржЗ, ржмрж╛рж░рзНрждрж╛ ржирзЗржЗ, """" sms """" ржирзЗржЗ, """""" comment """""" ржирзЗржЗ,"""" like"""" ржирзЗржЗ рждрж╛рж░ ржорж╛ржирзЗ ржХрж┐ ржЖржорж╛ржХрзЗржУ ржоржирзЗ ржирзЗржЗред"""" Hello """"рждрзЛржорж╛ржХрзЗ ржмрж▓ржЫрж┐ ржлрзНрж░рзЗржирзНржбред ржЖржорж┐ рждрзЛ рж▓рж╛ржЗржХ ржХржорзЗржирзНржЯ ржХрж░рж▓рж╛ржо рждрзЛржорж╛рж░ржЯрж╛ ржХржЗред ржкрж╛рж╢рзЗ ржерж╛ржХрж▓рзЗ ржкрж╛рж╢рзЗ ржкрж╛ржмрзЗ, ржкрзБрж╕рзНржЯ ржЕржирзБржпрж╛рзЯрзА ржХржорзЗржирзНржЯ ржХрж░ржмрзЗржи BOSS. ржПржмржВ ржХржорзЗржирзНржЯ рж╢рзБржзрзБржорж╛рждрзНрж░ ржмрж░рзНрждржорж╛ржи Cover Photo рждрзЗ ржХрж░ржмрзЗржиред ржпржд ржХржорзЗржирзНржЯ рждржд ржмрзНржпрж╛ржХ ржкрж╛рж╕рзЗ ржерж╛ржХрж▓рзЗ ржкрж╛рж╕рзЗ ржкрж╛ржмрзЗ100%..ржЧрзНржпрж╛ржи рзНржЯрж┐..&. LIKE +the  BACK Friend..&..! ___________тЦИ _____тЦИтЦИ тЦИтЦИ ___тЦИтЦИтЦИтЦИ__тЦИтЦИтЦИтЦИ_тЦИтЦИтЦИ __тЦИтЦИтЦИ____тЦИтЦИтЦИтЦИ_the тЦИтЦИтЦИ __тЦИтЦИтЦИ_тЦИтЦИтЦИ___тЦИтЦИ__тЦИтЦИ ...тЦИтЦИтЦИ__тЦИтЦИтЦИтЦИтЦИ тЦИтЦИ___тЦИтЦИтЦИ _ _тЦИтЦИтЦИ_тЦИтЦИтЦИтЦИтЦИтЦИтЦИтЦИ_тЦИтЦИтЦИтЦИ тЦИтЦИтЦИ_тЦИтЦИ_тЦИтЦИтЦИтЦИтЦИтЦИтЦИ_ _тЦИтЦИтЦИтЦИ _тЦИтЦИтЦИ_____тЦИтЦИтЦИтЦИ__тЦИтЦИтЦИтЦИ __тЦИтЦИтЦИтЦИтЦИтЦИ_____тЦИтЦИ тЦИтЦИтЦИ ___тЦИтЦИтЦИтЦИтЦИтЦИтЦИ__тЦИтЦИтЦИтЦИтЦИ ______тЦИтЦИтЦИтЦИ _тЦИтЦИ ______________тЦИтЦИ _______________тЦИ _тЦИтЦИтЦИтЦИ_________тЦИ __тЦИтЦИтЦИтЦИтЦИ_______тЦИ ___тЦИтЦИтЦИтЦИ________тЦИ ____тЦИтЦИтЦИтЦИтЦИ______тЦИ _________тЦИ______тЦИ _____тЦИтЦИтЦИ_тЦИ_тЦИ__тЦИ ____тЦИтЦИтЦИтЦИтЦИ__тЦИ_тЦИ ___тЦИтЦИтЦИppтЦИтЦИтЦИ___тЦИ__ ___тЦИтЦИтЦИтЦИтЦИ ____тЦИтЦИтЦИтЦИ____тЦИ__ _тЦИтЦИтЦИ_тЦИтЦИтЦИтЦИтЦИ _____тЦИтЦИ____тЦИ__тЦИтЦИ____тЦИтЦИтЦИтЦИтЦИтЦИ ______тЦИ___тЦИ_тЦИтЦИ_______тЦИтЦИтЦИтЦИ _________тЦИтЦИтЦИ___ _______тЦИтЦИ _________тЦИтЦИ____________тЦИ _________тЦИ ________тЦИ ________тЦИ _______тЦИOnly for you!!!!""""!! ржЖржорж┐ ржХрж┐ржирзНрждрзБ рж▓рж╛ржЗржХрж╛рж░рзЗрж░ ржХрж┐ржВ..."" ""...I Am..."" ""...3g рж▓рж╛ржЗржХрж╛рж░..."" ""...4g ржХржорзЗржирзНржЯрж╛рж░..."" ""...ржЖржорж┐..."" ""...рж╕рзБржкрзНржпрж╛рж░ ржорзНржпрж╛ржи рж▓рж╛ржЗржХрж╛рж░..."" ""...ржорж╛ржЧрж╛рж░..."" ""...рж╕рзНржкрж╛ржЗржбрж╛рж░ ржорзНржпрж╛ржи ржХржорзЗржирзНржЯрж╛рж░..."" ""...ржбрж╛ржи рж╣рж╛рждрзЗ ржЦрж╛ржЗ..."" ""...ржЖрж░..."" ""...ржмрж╛ржо рж╣рж╛рждрзЗ ржлрзЗржЗрж╕ржмрзБржХ ржЪрж╛рж▓рж╛ржЗ..."" ""...рж╢рзБржзрзБ ржХржерж╛ржпрж╝ ржиржпрж╝..."" ""...ржХрж╛ржЬрзЗржЗ ржкрж░рж┐ржЪржпрж╝..."" рззрзм"" ржШржирзНржЯрж╛ ржПржХрзНржЯрж┐ржн ржерж╛ржХрж┐ рж▓рж╛ржЗржХ ржХржорзЗржирзНржЯ ржХрж░рзЗ ржЕрж▓ ржЯрж╛ржЗржо ржкрж╛рж╢рзЗ ржЖржЫрж┐..."" ""...ржирж╛ржоржЯрж╛ ржЪрж┐ржирзЗ рж░рж╛ржЦрзЗрж╛ ржлрзНрж░рзЗржирзНржб ..."" ""...ржХржерж╛ ржжрж┐ржпрж╝рзЗ ржЧрзЗрж▓рж╛ржо..."" рж╕рж╛рж░рж╛ ржЬрзАржмржи рждрзЛржорж╛ржжрзЗрж░ Notification ржП рж▓рж╛ржЗржХ ржХржорзЗржирзНржЯрзЗрж░ ржЖржЧрзБржи ржЬрзНржмрж▓ржмрзЗ..."" ржПржХржЯрж┐ржн ржлрзНрж░рзЗржирзНржбрж░рж╛ ржПржб ржжрж┐ржпрж╝рж╛ ржкрж╛рж╢рзЗ ржерж╛ржХ,,,!!! # ржирж╛ржоржЯрж╛ ржЪрж┐ржирзЗ рж░рж╛ржЦрзЛред ржЙржкрж░рзЗ ржХрзНрж▓рж┐ржХ ржХрж░рзЛред ржкрзНрж░рзЛржлрж╛ржЗрж▓рзЗ ржбрзБржХрзЗ ржкржбрж╝рзЛред # ржкрзНрж▓рж┐ржЬ ржЖржорж╛рж░ ржкрзНрж░рзЛржлрж╛ржЗрж▓ ржерзЗржХрзЗ ржПржХржЯрзБ ржШрзБрж░рзЗ ржЖрж╕рзБржи {[Beautiful]} ________\\Awesome\\тЧЖ Excellent Excellent Excellent Excellent тФПтФБтФБтХотФПтФУтФПтФУтХнтФБтФУтФПтФБтФУ тФГтФПтХотФГтФГтФГтФГтФГтФГтХнтФЫтФГтФЧтФУ тФГтФГтФГтХ░тФЫтФГтФГтФГтФГтХ░тФУтФГтФЧтФУ тФЧтФЫтХ░тФБтФБтФЫтФЧтФЫтХ░тФБтФЫтФЧтФБтФЫ тФИтФИтФИтФИтФИтФИтФИтФИтФИтФИтФИтФИтЦЙтЦЙтЦЙ тФИтФИтФИтФИтФИтФИтФИтФИтФИтФИ тФИтФИтФИтФИтФИтФИтФИтФИтФИтФИтФИтФКтФКтФКтФИ тФИтФИтФИтФИтФИтФИтФИтФИтФИтФИ тФИтЦЙтЦЙтЦЙтЦЙтЦЙтЦЙтЦЙтЦЙтФИтФИтЦЙтЦЙтЦЙтЦЙ тФИтФИтФИтЦЙтЦЙтЦЙтЦЙтЦЙтЦЙтФИ тФКтФКтЦЙтЦЙтЦЙтФКтФКтЦЙтЦЙтЦЙтФКтФКтЦЙтЦЙтЦЙ тФИтФИтЦЙтЦЙтЦЙтФКтЦЙтЦЙтЦЙ тФИтФКтЦЙтЦЙтЦЙтФИтФКтЦЙтЦЙтЦЙтФИтФКтЦЙтЦЙтЦЙ тФИтФКтЦЙтЦЙтЦЙтФИтФКтФКтФКтФИ тФИтФКтЦЙтЦЙтЦЙтФИтФКтЦЙтЦЙтЦЙтФИтФКтЦЙтЦЙтЦЙ тФИтФКтЦЙтЦЙтЦЙтФИтФИтЦЙтЦЙтЦЙ тФИтФКтЦЙтЦЙтЦЙтЦЙтЦЙтЦЙтЦЙтФИтФИтЦЙтЦЙтЦЙтЦЙ тЦЙтФКтФКтЦЙтЦЙтЦЙтЦЙтЦЙтЦЙтФИ тФИтФКтЦЙтЦЙтЦЙтФКтФКтФКтФИтФИтФКтФКтФКтФКтФК тФИтФИтФКтФКтФКтФКтФКтФКтФИтФИ тФИтФКтЦЙтЦЙтЦЙтФИтФИтФИтФИтФИтФИтФИтФИтФИтФИ тФИтФИтФИтФИтФИтФИтФИтФИтФИтФИ тФИтЦЙтЦЙтЦЙтЦЙтЦЙтФИтФИтФИтФИтФИтФИ"
9/4/2020 4:42:31,Male,ржмрж┐рзЯрж╛ржжрзНржжржк ржмрж┐рзЯрж╛рж▓рзНрж▓рж┐рж╢ ржХрзБрждрзНрждрж╛рж░ ржЦрзЗрждрж╛ржмрж╛рж▓рж┐рж╢ рж╢рзЯрждрж╛ржи ржЕржнржжрзНрж░ ржЗрждрж░ ржЪрзЛрж░ ржмрж╛ржЯржкрж╛рж░ ржЫрж┐ржЯрж╛рж░ ржоржлрж┐ржЬ ржоржлрж┐ржЬрзЗрж░ ржЖрждрзЗрж▓ ржЧрзБржЧрж╛ ржЧрж╛ржЧрзБ ржЪрж╛ржВржЧрж┐ржорж╛ржВржЧрж┐ ржХрж┐ржкрзНржЯрж╛ ржлржХрж┐ржирзНржирж┐ ржжрзБрж╖рзНржЯ ржорж┐рж╕ржХрж╛ рж╢рзЯрждрж╛ржи ржЖржХрж╛рж╢ ржПрж░ рж▓рж╛рж▓ ржмрзБржжрзНржзрж┐ ржжрзЗржЗржЦрж╛ ржоржжржи рж╣рж╛ржмрж▓рж╛ ржХрзНржпрж╛ржмрж▓рж╛ рж╣рж╛ржмрзНржмржд ржмржж ржмржжржорж╛ржЗрж╢ ЁЯЩВ
9/4/2020 4:43:15,Male,"eije vai jara vabtasen eita normal fandom .. 2 crore fans , ekekta depression victim , raped teen girls , bullied students , suicidical stressful adults , shobai oder fan . apnader moto ektao racist na , shobai oder kase giye onek kisu paise . ei BTS and ARMY kono fandom na , family . some of atheists worship them , I don't . egular majhe lagte aishen na . apnader moto ultra religious der kase eigula tarchira fandom hoite pare but amra apnader moto just ekta duita hater group er kotha shune fangirling thamay dibo nah..amra international , korean bangladeshi fandom shobai ekshathe ekshathe golay golay lege thaki . apnara to manush ke uganda bole gali den , british bole gali den , bidhormi bole gali den .......apnader asole basic shikkha ta hoynai , that's it . tai ekta artist ar fanbase ke niye lagte gesen . just yt er video gula dekhen , ARMY der shathe jeishob youtuber lagte gese tader ekektar haal behaal."
9/4/2020 10:27:37,Male,Binod
9/4/2020 18:00:53,Male,Art ta onek sundor but mathay kapor nai kno??
9/5/2020 0:46:37,Prefer not to say,I LOVE YOU ARAF MUSTAVI BHAI
9/5/2020 0:46:51,Prefer not to say,I LOVE YOU ARAF MUSTAVI BHAI
9/5/2020 1:46:43,Prefer not to say,"тАлржЕрж▓рзНржк ржкрзНрж░рзЗржорзЗ рж╕ржорзЯ ржирж╕рзНржЯ,ржЧржнрзАрж░ ржкрзНрж░рзЗржорзЗ ржмрзБржХрзЗ ржХрж╖рзНржЯ"
9/5/2020 2:40:38,Male,"ржмрж╛ржжрж╛ржо ржЦрзЗрждрзЗ ржнрж╛рж▓рзЛ рж▓рж╛ржЧрзЗ, ржЫрж┐рж▓рждрзЗ ржкрж╛рж░рж┐ржирж╛ред рждрзЛржорж╛рзЯ ржЖржорж╛рж░ ржнрж╛рж▓рзЛ рж▓рж╛ржЧрзЗ, ржмрж▓рждрзЗ ржкрж╛рж░рж┐ржирж╛ред"
9/5/2020 2:41:41,Male,ржжрж┐ржирзЗрж░ ржмрзЗрж▓рж╛рзЯ ржмрж╛ржжрж╛ржо ржЦрж╛ржм ржорзБржарзЛрзЯ ржорзБржарзЛрзЯ ржнрж░рзЗ рж░рж╛ржд ржмрж╛рзЬрж▓рзЗ ржЦрж╛ржм рждрзЛржорж╛рзЯ рж╢ржХрзНржд ржХрж░рзЗ ржзрж░рзЗред
9/5/2020 2:42:16,Male,"ржмрж╛ржжрж╛ржо ржЦрзЗрждрзЗ ржмрж╕рж▓рзЗ ржЖржорж╛рж░ ржЖржорзНржорзБ ржжрзЗрзЯ ржЫрж┐рж▓рзЗ, ржмрзЗржБржЪрзЗ ржерж╛ржХрж╛ ржмрзЬ ржХржарж┐ржи, рждрзЛржорж╛рзЯ ржирж╛ ржкрзЗрж▓рзЗред   ok I have gone mad. official."
9/5/2020 11:56:03,Prefer not to say,ржПржЗ ржзрж░ржирзЗрж░ ржкрзЛрж╕рзНржЯ ржжрзЗржЦрж▓рзЗ рж╢рж░рзАрж░ ржЪрж╛ржЩрзНржЧрж╛ рж╣рзЯред  рж╢рж░рзАрж░рзЗрж░ рж░рзЛржЧ ржкрзНрж░рждрж┐рж░рзЛржз ржХрзНрж╖ржорждрж╛ ржмрж╛рзЬрзЗред  ржмрзЗрж╢рж┐ ржмрзЗрж╢рж┐ ржШрзБржо рж╣рзЯред  ржмрзЗрж╢рж┐ ржмрзЗрж╢рж┐ ржмрж╛ржБржЪрждрзЗ ржЗржЪрзНржЫрзЗ рж╣рзЯред  ржХрж░рзЛржирж╛рж░ ржмрж┐рж░рзБржжрзНржзрзЗ рж▓рзЬрж╛ржЗ ржХрж░рж╛рж░ рж╕рж╛рж╣рж╕ ржкрж╛ржЗред  рждрж╛ржЗ ржПржЗ ржзрж░ржирзЗрж░ ржкрзЛрж╕рзНржЯ ржЧрзБрж▓рзЛ ржХрж░рж╛рж░ ржЬржирзНржп ржЕржирзБрж░рзЛржз рж░ржЗрж▓ред
9/5/2020 15:19:55,Male,ржЬрж╛рж░рж╛ ржирж╛ ржмрзБржЬрзЗржи ржЗржиржмржВрж╢ ржХрж░рждрзЗ ржкрж╛рж░рзЗржи 
9/5/2020 15:20:20,Male,"ржХрж┐ ржХржорж╛ржирзНржб ржХрж░ржм, ржмрж╛рж╕рж╛ ржХрзЛржЬрзЗ ржкрж╛ржЗржЪрж┐ ржирж╛ "
9/5/2020 15:20:45,Male,"ржкрж┐ржк ржкрж┐ржк ржкрж┐ржк ржкрж┐ржк ржжрзЗржЦрж┐ ржорж╛ржорзНржорж╛ ржПржХржЯрзБ рж╕рж╛ржЗржЯ ржжрж╛ржУ,ржЖржорж╛рж░ ржмржирзНржзрзБржХрзЗ ржПржХржЯрзБ рж▓рж╛ржЗржХ ржУ ржХржорзЗржирзНржЯ ржХрж░рзЗ ржпрж╛ржЗредржирж╛ржоржЯрж╛ ржЪрж┐ржирзЗ рж░рж╛ржЦрзЛ || рж▓рж╛ржЗржХ + ржХржорзЗржирзНржЯ ржжрзБржЯрзЛржЗ ржХрж░рж▓рж╛ржо || ржЖрж╢рж╛ ржХрж░рж┐ рждрзБржорж┐ржУ рж▓рж╛ржЗржХ ржХржорзЗржирзНржЯ ржмрзНржпрж╛ржХ ржжрж┐ржмрж╛ ||тЩмтЩмтЩм NIcE,,,, Awesome,,,, Excellent,,,, SWEET,,,, Beautiful,, STYLISH тЩмтЩмтЩм рж╕ржоржпрж╝ ржкрзЗрж▓рзЗ ржЖржорж╛рж░ profile ржерзЗржХрзЗ ржШрзБрж░рзЗ ржЖрж╕рж╛рж░ ржжрж╛ржУржпрж╝рж╛ржд рж░ржЗрж▓!!!! тЬФтЬФтЬФржПржХрзНржЯрж┐ржн рж▓рж╛ржЗржХрж╛рж░ ржорж╛ржорзБрж░рж╛ ржПржб ржжрж╛ржУ....ржЖрж░ ржкрж╛рж╢рзЗ ржерж╛ржХрж▓рзЗ ржкрж╛рж╢рзЗ ржкрж╛ржмрзЗред ржорж╛ржорзБрж░рж╛ рж▓рж╛ржЗржХ & ржХржорзЗржирзНржЯ ржпржжрж┐ ржирж╛ ржХрж░рждрзЗ ржкрж╛рж░рзЛ рждрж╛рж╣рж▓рзЗ ржПржб ржжрзЗржУрзЯрж╛ ржжрж░ржХрж╛рж░ ржирж╛ржЗред тШЕтШЕтШЕ"
9/5/2020 15:20:56,Prefer not to say,ржЖржорж░рж╛ ржЖрж░рж╛ржл ржнрж╛ржЗрзЯрзЗрж░ ржкрж╛ржЧрж▓рж╛-рж╕ржорж░рзНржержХ <3
9/5/2020 15:21:43,Male,рждрзБржорж┐ ржХрж┐ ржнрзЗржмрзЗржЪ ржмржирзНржжрзБ ржкрзЛрж╕рзНржЯрзЗрж░ ржЖрзЬрж╛рж▓рзЗ рж▓рзБржХрж┐рзЯрзЗ ржерж╛ржХрж╛ рждрзЛржорж╛рж░ ржХрж╛ржирзНржирж╛ ржЖрж░ ржЪрж╛ржкрж╛ ржЖрж░рзНрждржирж╛ржж ржЖржорж┐ рж╢рзБржирждрзЗ ржкрж╛ржм ржирж╛
9/5/2020 15:24:13,Male,ржорж╛ржирж╕ ржХржЯрждрж╛ ржмржХрж╛ рж╣рзЛрж▓рзЗ ржПржоржи ржХрждрж╛ ржмрждрзЗ ржкрж╛рж░рзЗред ржХрж┐ ржХржорж╛ржирзНржб ржХрж░ржм ржмрзЛржЬрждрзЗ ржкрж╛рж░ржЪрж┐ ржирж╛ред ржЧржЧрж▓рзЗ рж╕рж╛ржЪ ржжрж┐рж▓рзЗ ржкрж╛ржмрж╛ржи ржирж╛ред ржЧржЧрж▓ ржХрж┐ рж╕рж╛ржЪрзЗрж░ ржпрж┐ржирж┐рж╕ ржЕрж╕ржмрзНржмрзЛ 
9/5/2020 15:24:35,Male,Who the hell are you to insult Feminists ?Feminist der k insult korar jonno na basic quality lage jeta tmdr toh at least nai ... nijer life e kii baal ta kore felso aktu bolo toh bhai ... onno er telent dekhle kii jole naki tmr? Tmdr moto manush re shojho hoy na amr ... valo hoye jao ... onno re choto kore boro hoite parba na ... tmdr baal marka kothay oder kichu e jay ashe na ... they are beyond your reach.. Allah tmr mathay kii diyeche allah e jane ...Feminist der k insult kore kii dekhaite chao ... kotha theke j ashe aisob manush ... ar amar chokh a e kno pore ashol baal marka post ... I think tumi nije akta public toilet... mejas amn kharap hocche j word o pacchi na tmdr k bolar ... ami maybe amar life e kao k amn kharap kono text dei nai ... akta e request onno k insult kora chere nije kichu koro. ... aii baal marka image ta bhai change koro.
9/5/2020 15:25:06,Male,ржЖржорж┐ рж╕рж░ржХрж╛рж░рзЗрж░ ржжрж┐рж╕ржЯрж┐ ржЖржХрзНрж░рж╕ржи ржХрж░ржЪрж┐ 
9/5/2020 15:25:35,Male,ржнрж╛рж▓рзЛ рж░рж╛ржЧрж▓ ржмрж┐ржирзНржи ржзрж░рзНржорж┐ ржкрзЛрж╕рзНржЯрж╛ ржкрж░рзЗ 
9/5/2020 15:26:49,Male,ржЧрж░рзНржнрж╛ржмрж╕рзНржерж╛рзЯ ржЖрзЯрзЛржбрж┐ржирзЗрж░ ржЕржнрж╛ржмрзЗ ржПржЗрж╕ржм ржмрж▓ржж рждрзИрж░рж┐ рж╣рзЯ 
9/5/2020 16:08:02,Male,ржЪрж╛рждрзБрж░ржмрзЯрзЗржЬ ржП рж╕ржм ржкрж╛ржУрзЯрж╛ ржпрж╛рзЯЁЯдлЁЯе┤